"IP","Categories","ReportDate","Comment"
"47.91.65.23","18","2025-08-19T23:35:47.768Z","DDoS Attack: Endpoint /?LvDdZ=DoMa8auKCn93opzQAuExyM7Md. UA: vVBdAZA4abxksi1"
"103.82.0.42","18","2025-08-19T23:35:47.927Z","DDoS Attack: Endpoint /?LvDdZ=DoMa8auKCn93opzQAuExyM7Md. UA: vVBdAZA4abxksi1"
"104.155.111.184","18","2025-08-19T23:35:48.107Z","DDoS Attack: Endpoint /?iJHpf=87lSXuA6ndoHtqcyrOx4TLW9x. UA: WFuD3somyOFPED1"
"103.169.138.4","18","2025-08-19T23:35:49.010Z","DDoS Attack: Endpoint /?iJHpf=87lSXuA6ndoHtqcyrOx4TLW9x. UA: WFuD3somyOFPED1"
"2a01:7e04:e001:c5:7d6:e3ef:d120:6050","18","2025-08-19T23:35:49.554Z","DDoS Attack: Endpoint /?CQZnI=sA4bJeZAXPDWQZqSBLP3Gz9aR. UA: HFOtJmUFN5u3hci"
"23.156.24.68","18","2025-08-19T23:35:49.761Z","DDoS Attack: Endpoint /?LvDdZ=DoMa8auKCn93opzQAuExyM7Md. UA: vVBdAZA4abxksi1"
"91.121.63.51","18","2025-08-19T23:35:49.761Z","DDoS Attack: Endpoint /?CQZnI=sA4bJeZAXPDWQZqSBLP3Gz9aR. UA: HFOtJmUFN5u3hci"
"187.251.224.167","18","2025-08-19T23:35:49.775Z","DDoS Attack: Endpoint /?iJHpf=87lSXuA6ndoHtqcyrOx4TLW9x. UA: WFuD3somyOFPED1"
"85.105.9.165","18","2025-08-19T23:35:49.775Z","DDoS Attack: Endpoint /?LvDdZ=DoMa8auKCn93opzQAuExyM7Md. UA: vVBdAZA4abxksi1"
"27.147.129.26","18","2025-08-19T23:35:49.887Z","DDoS Attack: Endpoint /?LvDdZ=DoMa8auKCn93opzQAuExyM7Md. UA: vVBdAZA4abxksi1"
"103.153.135.94","18","2025-08-19T23:35:49.911Z","DDoS Attack: Endpoint /?LvDdZ=DoMa8auKCn93opzQAuExyM7Md. UA: vVBdAZA4abxksi1"
"8.213.151.128","18","2025-08-19T23:35:50.045Z","DDoS Attack: Endpoint /?CQZnI=sA4bJeZAXPDWQZqSBLP3Gz9aR. UA: HFOtJmUFN5u3hci"
"47.243.92.199","18","2025-08-19T23:35:50.840Z","DDoS Attack: Endpoint /?CQZnI=sA4bJeZAXPDWQZqSBLP3Gz9aR. UA: HFOtJmUFN5u3hci"
"36.129.129.215","18","2025-08-19T23:35:51.042Z","DDoS Attack: Endpoint /?LvDdZ=DoMa8auKCn93opzQAuExyM7Md. UA: vVBdAZA4abxksi1"
"36.50.92.147","18","2025-08-19T23:35:51.313Z","DDoS Attack: Endpoint /?LvDdZ=DoMa8auKCn93opzQAuExyM7Md. UA: vVBdAZA4abxksi1"
"103.127.220.78","18","2025-08-19T23:35:51.313Z","DDoS Attack: Endpoint /?iJHpf=87lSXuA6ndoHtqcyrOx4TLW9x. UA: WFuD3somyOFPED1"
"45.174.95.142","18","2025-08-19T23:35:51.313Z","DDoS Attack: Endpoint /?LvDdZ=DoMa8auKCn93opzQAuExyM7Md. UA: vVBdAZA4abxksi1"
"190.14.14.77","18","2025-08-19T23:35:51.615Z","DDoS Attack: Endpoint /?CQZnI=sA4bJeZAXPDWQZqSBLP3Gz9aR. UA: HFOtJmUFN5u3hci"
"103.137.91.250","18","2025-08-19T23:35:51.615Z","DDoS Attack: Endpoint /?iJHpf=87lSXuA6ndoHtqcyrOx4TLW9x. UA: WFuD3somyOFPED1"
"38.156.72.6","18","2025-08-19T23:35:51.622Z","DDoS Attack: Endpoint /?CQZnI=sA4bJeZAXPDWQZqSBLP3Gz9aR. UA: HFOtJmUFN5u3hci"
"57.129.81.201","18","2025-08-19T23:35:51.693Z","DDoS Attack: Endpoint /?CQZnI=sA4bJeZAXPDWQZqSBLP3Gz9aR. UA: HFOtJmUFN5u3hci"
"46.161.194.83","18","2025-08-19T23:35:52.013Z","DDoS Attack: Endpoint /?iJHpf=87lSXuA6ndoHtqcyrOx4TLW9x. UA: WFuD3somyOFPED1"
"45.133.107.250","18","2025-08-19T23:35:52.316Z","DDoS Attack: Endpoint /?iJHpf=87lSXuA6ndoHtqcyrOx4TLW9x. UA: WFuD3somyOFPED1"
"202.59.89.43","18","2025-08-19T23:35:52.340Z","DDoS Attack: Endpoint /?iJHpf=87lSXuA6ndoHtqcyrOx4TLW9x. UA: WFuD3somyOFPED1"
"45.171.64.21","18","2025-08-19T23:35:52.723Z","DDoS Attack: Endpoint /?CQZnI=sA4bJeZAXPDWQZqSBLP3Gz9aR. UA: HFOtJmUFN5u3hci"
"103.193.144.42","18","2025-08-19T23:35:52.723Z","DDoS Attack: Endpoint /?CQZnI=sA4bJeZAXPDWQZqSBLP3Gz9aR. UA: HFOtJmUFN5u3hci"
"176.88.175.216","18","2025-08-19T23:35:52.815Z","DDoS Attack: Endpoint /?iJHpf=87lSXuA6ndoHtqcyrOx4TLW9x. UA: WFuD3somyOFPED1"
"118.179.205.170","18","2025-08-19T23:35:52.934Z","DDoS Attack: Endpoint /?LvDdZ=DoMa8auKCn93opzQAuExyM7Md. UA: vVBdAZA4abxksi1"
"118.175.30.26","18","2025-08-19T23:35:52.962Z","DDoS Attack: Endpoint /?CQZnI=sA4bJeZAXPDWQZqSBLP3Gz9aR. UA: HFOtJmUFN5u3hci"
"170.80.78.211","18","2025-08-19T23:35:52.962Z","DDoS Attack: Endpoint /?iJHpf=87lSXuA6ndoHtqcyrOx4TLW9x. UA: WFuD3somyOFPED1"
"103.180.123.107","18","2025-08-19T23:35:53.067Z","DDoS Attack: Endpoint /?CQZnI=sA4bJeZAXPDWQZqSBLP3Gz9aR. UA: HFOtJmUFN5u3hci"
"177.234.211.3","18","2025-08-19T23:35:53.163Z","DDoS Attack: Endpoint /?iJHpf=87lSXuA6ndoHtqcyrOx4TLW9x. UA: WFuD3somyOFPED1"
"160.25.196.30","18","2025-08-19T23:35:53.176Z","DDoS Attack: Endpoint /?CQZnI=sA4bJeZAXPDWQZqSBLP3Gz9aR. UA: HFOtJmUFN5u3hci"
"49.48.93.94","18","2025-08-19T23:35:53.287Z","DDoS Attack: Endpoint /?CQZnI=sA4bJeZAXPDWQZqSBLP3Gz9aR. UA: HFOtJmUFN5u3hci"
"114.9.26.182","18","2025-08-19T23:35:53.549Z","DDoS Attack: Endpoint /?iJHpf=87lSXuA6ndoHtqcyrOx4TLW9x. UA: WFuD3somyOFPED1"
"111.199.238.50","18","2025-08-19T23:35:53.562Z","DDoS Attack: Endpoint /?iJHpf=87lSXuA6ndoHtqcyrOx4TLW9x. UA: WFuD3somyOFPED1"
"103.106.145.64","18","2025-08-19T23:35:53.782Z","DDoS Attack: Endpoint /?LvDdZ=DoMa8auKCn93opzQAuExyM7Md. UA: vVBdAZA4abxksi1"
"23.239.111.194","18","2025-08-19T23:35:53.915Z","DDoS Attack: Endpoint /?LvDdZ=DoMa8auKCn93opzQAuExyM7Md. UA: vVBdAZA4abxksi1"
"103.18.232.4","18","2025-08-19T23:35:54.074Z","DDoS Attack: Endpoint /?LvDdZ=DoMa8auKCn93opzQAuExyM7Md. UA: vVBdAZA4abxksi1"
"119.155.143.218","18","2025-08-19T23:35:54.393Z","DDoS Attack: Endpoint /?iJHpf=87lSXuA6ndoHtqcyrOx4TLW9x. UA: WFuD3somyOFPED1"
"49.205.160.117","18","2025-08-19T23:35:54.553Z","DDoS Attack: Endpoint /?iJHpf=87lSXuA6ndoHtqcyrOx4TLW9x. UA: WFuD3somyOFPED1"
"189.90.240.30","18","2025-08-19T23:35:54.580Z","DDoS Attack: Endpoint /?iJHpf=87lSXuA6ndoHtqcyrOx4TLW9x. UA: WFuD3somyOFPED1"
"182.253.221.146","18","2025-08-19T23:35:54.894Z","DDoS Attack: Endpoint /?CQZnI=sA4bJeZAXPDWQZqSBLP3Gz9aR. UA: HFOtJmUFN5u3hci"
"103.26.176.33","18","2025-08-19T23:35:54.992Z","DDoS Attack: Endpoint /?LvDdZ=DoMa8auKCn93opzQAuExyM7Md. UA: vVBdAZA4abxksi1"
"45.65.227.97","18","2025-08-19T23:35:54.992Z","DDoS Attack: Endpoint /?CQZnI=sA4bJeZAXPDWQZqSBLP3Gz9aR. UA: HFOtJmUFN5u3hci"
"45.236.215.111","18","2025-08-19T23:35:55.123Z","DDoS Attack: Endpoint /?iJHpf=87lSXuA6ndoHtqcyrOx4TLW9x. UA: WFuD3somyOFPED1"
"103.173.140.131","18","2025-08-19T23:35:55.861Z","DDoS Attack: Endpoint /?CQZnI=sA4bJeZAXPDWQZqSBLP3Gz9aR. UA: HFOtJmUFN5u3hci"
"180.193.214.202","18","2025-08-19T23:35:55.871Z","DDoS Attack: Endpoint /?CQZnI=sA4bJeZAXPDWQZqSBLP3Gz9aR. UA: HFOtJmUFN5u3hci"
"103.76.201.177","18","2025-08-19T23:35:55.873Z","DDoS Attack: Endpoint /?iJHpf=87lSXuA6ndoHtqcyrOx4TLW9x. UA: WFuD3somyOFPED1"
"203.188.251.50","18","2025-08-19T23:35:55.873Z","DDoS Attack: Endpoint /?iJHpf=87lSXuA6ndoHtqcyrOx4TLW9x. UA: WFuD3somyOFPED1"
"103.129.202.134","18","2025-08-19T23:35:55.891Z","DDoS Attack: Endpoint /?LvDdZ=DoMa8auKCn93opzQAuExyM7Md. UA: vVBdAZA4abxksi1"
"114.130.154.118","18","2025-08-19T23:35:55.946Z","DDoS Attack: Endpoint /?iJHpf=87lSXuA6ndoHtqcyrOx4TLW9x. UA: WFuD3somyOFPED1"
"121.101.132.181","18","2025-08-19T23:35:56.053Z","DDoS Attack: Endpoint /?CQZnI=sA4bJeZAXPDWQZqSBLP3Gz9aR. UA: HFOtJmUFN5u3hci"
"103.123.168.202","18","2025-08-19T23:35:56.082Z","DDoS Attack: Endpoint /?LvDdZ=DoMa8auKCn93opzQAuExyM7Md. UA: vVBdAZA4abxksi1"
"140.238.184.182","18","2025-08-19T23:35:56.104Z","DDoS Attack: Endpoint /?iJHpf=87lSXuA6ndoHtqcyrOx4TLW9x. UA: WFuD3somyOFPED1"
"190.237.238.7","18","2025-08-19T23:35:56.381Z","DDoS Attack: Endpoint /?CQZnI=sA4bJeZAXPDWQZqSBLP3Gz9aR. UA: HFOtJmUFN5u3hci"
"103.171.82.161","18","2025-08-19T23:35:56.472Z","DDoS Attack: Endpoint /?CQZnI=sA4bJeZAXPDWQZqSBLP3Gz9aR. UA: HFOtJmUFN5u3hci"
"114.141.54.100","18","2025-08-19T23:35:56.978Z","DDoS Attack: Endpoint /?iJHpf=87lSXuA6ndoHtqcyrOx4TLW9x. UA: WFuD3somyOFPED1"
"138.0.207.3","18","2025-08-19T23:35:57.283Z","DDoS Attack: Endpoint /?iJHpf=87lSXuA6ndoHtqcyrOx4TLW9x. UA: WFuD3somyOFPED1"
"103.144.102.77","18","2025-08-19T23:35:57.291Z","DDoS Attack: Endpoint /?LvDdZ=DoMa8auKCn93opzQAuExyM7Md. UA: vVBdAZA4abxksi1"
"197.155.64.226","18","2025-08-19T23:35:57.295Z","DDoS Attack: Endpoint /?iJHpf=87lSXuA6ndoHtqcyrOx4TLW9x. UA: WFuD3somyOFPED1"
"103.80.98.46","18","2025-08-19T23:35:57.438Z","DDoS Attack: Endpoint /?LvDdZ=DoMa8auKCn93opzQAuExyM7Md. UA: vVBdAZA4abxksi1"
"102.68.128.199","18","2025-08-19T23:35:57.819Z","DDoS Attack: Endpoint /?LvDdZ=DoMa8auKCn93opzQAuExyM7Md. UA: vVBdAZA4abxksi1"
"103.186.33.15","18","2025-08-19T23:35:57.819Z","DDoS Attack: Endpoint /?iJHpf=87lSXuA6ndoHtqcyrOx4TLW9x. UA: WFuD3somyOFPED1"
"37.239.131.177","18","2025-08-19T23:35:57.851Z","DDoS Attack: Endpoint /?iJHpf=87lSXuA6ndoHtqcyrOx4TLW9x. UA: WFuD3somyOFPED1"
"103.107.78.192","18","2025-08-19T23:35:58.044Z","DDoS Attack: Endpoint /?CQZnI=sA4bJeZAXPDWQZqSBLP3Gz9aR. UA: HFOtJmUFN5u3hci"
"167.249.32.208","18","2025-08-19T23:35:58.258Z","DDoS Attack: Endpoint /?LvDdZ=DoMa8auKCn93opzQAuExyM7Md. UA: vVBdAZA4abxksi1"
"43.252.237.111","18","2025-08-19T23:35:58.258Z","DDoS Attack: Endpoint /?iJHpf=87lSXuA6ndoHtqcyrOx4TLW9x. UA: WFuD3somyOFPED1"
"101.109.119.24","18","2025-08-19T23:35:58.638Z","DDoS Attack: Endpoint /?LvDdZ=DoMa8auKCn93opzQAuExyM7Md. UA: vVBdAZA4abxksi1"
"156.207.253.245","18","2025-08-19T23:35:58.638Z","DDoS Attack: Endpoint /?CQZnI=sA4bJeZAXPDWQZqSBLP3Gz9aR. UA: HFOtJmUFN5u3hci"
"203.142.74.115","18","2025-08-19T23:35:58.670Z","DDoS Attack: Endpoint /?LvDdZ=DoMa8auKCn93opzQAuExyM7Md. UA: vVBdAZA4abxksi1"
"103.59.44.33","18","2025-08-19T23:35:58.786Z","DDoS Attack: Endpoint /?iJHpf=87lSXuA6ndoHtqcyrOx4TLW9x. UA: WFuD3somyOFPED1"
"190.195.225.34","18","2025-08-19T23:35:58.875Z","DDoS Attack: Endpoint /?LvDdZ=DoMa8auKCn93opzQAuExyM7Md. UA: vVBdAZA4abxksi1"
"112.202.245.193","18","2025-08-19T23:35:58.881Z","DDoS Attack: Endpoint /?iJHpf=87lSXuA6ndoHtqcyrOx4TLW9x. UA: WFuD3somyOFPED1"
"58.147.187.43","18","2025-08-19T23:35:58.987Z","DDoS Attack: Endpoint /?CQZnI=sA4bJeZAXPDWQZqSBLP3Gz9aR. UA: HFOtJmUFN5u3hci"
"179.48.8.134","18","2025-08-19T23:35:58.987Z","DDoS Attack: Endpoint /?LvDdZ=DoMa8auKCn93opzQAuExyM7Md. UA: vVBdAZA4abxksi1"
"181.233.178.47","18","2025-08-19T23:35:59.217Z","DDoS Attack: Endpoint /?LvDdZ=DoMa8auKCn93opzQAuExyM7Md. UA: vVBdAZA4abxksi1"
"103.248.9.79","18","2025-08-19T23:35:59.558Z","DDoS Attack: Endpoint /?iJHpf=87lSXuA6ndoHtqcyrOx4TLW9x. UA: WFuD3somyOFPED1"
"177.234.194.232","18","2025-08-19T23:35:59.558Z","DDoS Attack: Endpoint /?LvDdZ=DoMa8auKCn93opzQAuExyM7Md. UA: vVBdAZA4abxksi1"
"43.252.237.107","18","2025-08-19T23:35:59.746Z","DDoS Attack: Endpoint /?iJHpf=87lSXuA6ndoHtqcyrOx4TLW9x. UA: WFuD3somyOFPED1"
"94.236.164.167","18","2025-08-19T23:35:59.868Z","DDoS Attack: Endpoint /?LvDdZ=DoMa8auKCn93opzQAuExyM7Md. UA: vVBdAZA4abxksi1"
"113.192.12.74","18","2025-08-19T23:36:00.009Z","DDoS Attack: Endpoint /?LvDdZ=DoMa8auKCn93opzQAuExyM7Md. UA: vVBdAZA4abxksi1"
"103.46.186.141","18","2025-08-19T23:36:00.009Z","DDoS Attack: Endpoint /?LvDdZ=DoMa8auKCn93opzQAuExyM7Md. UA: vVBdAZA4abxksi1"
"103.152.238.145","18","2025-08-19T23:36:00.257Z","DDoS Attack: Endpoint /?CQZnI=sA4bJeZAXPDWQZqSBLP3Gz9aR. UA: HFOtJmUFN5u3hci"
"103.126.86.30","18","2025-08-19T23:36:00.257Z","DDoS Attack: Endpoint /?iJHpf=87lSXuA6ndoHtqcyrOx4TLW9x. UA: WFuD3somyOFPED1"
"195.189.190.245","18","2025-08-19T23:36:00.278Z","DDoS Attack: Endpoint /?LvDdZ=DoMa8auKCn93opzQAuExyM7Md. UA: vVBdAZA4abxksi1"
"179.43.8.100","18","2025-08-19T23:36:00.286Z","DDoS Attack: Endpoint /?LvDdZ=DoMa8auKCn93opzQAuExyM7Md. UA: vVBdAZA4abxksi1"
"2a02:7b40:3e4d:98e6::1","18","2025-08-19T23:36:00.434Z","DDoS Attack: Endpoint /?LvDdZ=DoMa8auKCn93opzQAuExyM7Md. UA: vVBdAZA4abxksi1"
"138.117.230.131","18","2025-08-19T23:36:00.574Z","DDoS Attack: Endpoint /?LvDdZ=DoMa8auKCn93opzQAuExyM7Md. UA: vVBdAZA4abxksi1"
"162.243.4.24","18","2025-08-19T23:36:00.843Z","DDoS Attack: Endpoint /. UA: Mozilla/5.0 (Windows NT 6.1; WOW64; rv:59.0) Gecko/20100101 Firefox/59.0"
"103.28.115.74","18","2025-08-19T23:36:01.038Z","DDoS Attack: Endpoint /?iJHpf=87lSXuA6ndoHtqcyrOx4TLW9x. UA: WFuD3somyOFPED1"
"37.238.63.53","18","2025-08-19T23:36:01.459Z","DDoS Attack: Endpoint /?LvDdZ=DoMa8auKCn93opzQAuExyM7Md. UA: vVBdAZA4abxksi1"
"103.155.169.62","18","2025-08-19T23:36:01.754Z","DDoS Attack: Endpoint /?LvDdZ=DoMa8auKCn93opzQAuExyM7Md. UA: vVBdAZA4abxksi1"
"177.234.217.42","18","2025-08-19T23:36:01.978Z","DDoS Attack: Endpoint /?iJHpf=87lSXuA6ndoHtqcyrOx4TLW9x. UA: WFuD3somyOFPED1"
"103.148.131.192","18","2025-08-19T23:36:02.014Z","DDoS Attack: Endpoint /?CQZnI=sA4bJeZAXPDWQZqSBLP3Gz9aR. UA: HFOtJmUFN5u3hci"
"185.181.230.55","18","2025-08-19T23:36:02.187Z","DDoS Attack: Endpoint /?iJHpf=87lSXuA6ndoHtqcyrOx4TLW9x. UA: WFuD3somyOFPED1"
"103.177.20.27","18","2025-08-19T23:36:02.374Z","DDoS Attack: Endpoint /?LvDdZ=DoMa8auKCn93opzQAuExyM7Md. UA: vVBdAZA4abxksi1"
"79.175.156.50","18","2025-08-19T23:36:02.437Z","DDoS Attack: Endpoint /?LvDdZ=DoMa8auKCn93opzQAuExyM7Md. UA: vVBdAZA4abxksi1"
"2001:470:f42e:d2d6::975d","18","2025-08-19T23:36:02.437Z","DDoS Attack: Endpoint /?LvDdZ=DoMa8auKCn93opzQAuExyM7Md. UA: vVBdAZA4abxksi1"
"45.168.244.10","18","2025-08-19T23:36:02.437Z","DDoS Attack: Endpoint /?LvDdZ=DoMa8auKCn93opzQAuExyM7Md. UA: vVBdAZA4abxksi1"
"181.225.190.90","18","2025-08-19T23:36:02.691Z","DDoS Attack: Endpoint /?LvDdZ=DoMa8auKCn93opzQAuExyM7Md. UA: vVBdAZA4abxksi1"
"103.18.77.14","18","2025-08-19T23:36:02.694Z","DDoS Attack: Endpoint /?iJHpf=87lSXuA6ndoHtqcyrOx4TLW9x. UA: WFuD3somyOFPED1"
"94.73.239.124","18","2025-08-19T23:36:03.254Z","DDoS Attack: Endpoint /?LvDdZ=DoMa8auKCn93opzQAuExyM7Md. UA: vVBdAZA4abxksi1"
"103.109.173.170","18","2025-08-19T23:36:04.071Z","DDoS Attack: Endpoint /?CQZnI=sA4bJeZAXPDWQZqSBLP3Gz9aR. UA: HFOtJmUFN5u3hci"
"31.134.120.124","18","2025-08-19T23:36:04.071Z","DDoS Attack: Endpoint /?LvDdZ=DoMa8auKCn93opzQAuExyM7Md. UA: vVBdAZA4abxksi1"
"114.250.20.43","18","2025-08-19T23:36:04.344Z","DDoS Attack: Endpoint /?iJHpf=87lSXuA6ndoHtqcyrOx4TLW9x. UA: WFuD3somyOFPED1"
"103.144.90.72","18","2025-08-19T23:36:04.345Z","DDoS Attack: Endpoint /?iJHpf=87lSXuA6ndoHtqcyrOx4TLW9x. UA: WFuD3somyOFPED1"
"186.235.201.10","18","2025-08-19T23:36:04.357Z","DDoS Attack: Endpoint /?CQZnI=sA4bJeZAXPDWQZqSBLP3Gz9aR. UA: HFOtJmUFN5u3hci"
"190.153.22.149","18","2025-08-19T23:36:04.393Z","DDoS Attack: Endpoint /?iJHpf=87lSXuA6ndoHtqcyrOx4TLW9x. UA: WFuD3somyOFPED1"
"103.158.242.62","18","2025-08-19T23:36:04.418Z","DDoS Attack: Endpoint /?LvDdZ=DoMa8auKCn93opzQAuExyM7Md. UA: vVBdAZA4abxksi1"
"190.108.79.150","18","2025-08-19T23:36:04.420Z","DDoS Attack: Endpoint /?CQZnI=sA4bJeZAXPDWQZqSBLP3Gz9aR. UA: HFOtJmUFN5u3hci"
"103.159.195.247","18","2025-08-19T23:36:04.421Z","DDoS Attack: Endpoint /?iJHpf=87lSXuA6ndoHtqcyrOx4TLW9x. UA: WFuD3somyOFPED1"
"154.19.44.22","18","2025-08-19T23:36:04.425Z","DDoS Attack: Endpoint /?CQZnI=sA4bJeZAXPDWQZqSBLP3Gz9aR. UA: HFOtJmUFN5u3hci"
"102.164.252.150","18","2025-08-19T23:36:04.425Z","DDoS Attack: Endpoint /?CQZnI=sA4bJeZAXPDWQZqSBLP3Gz9aR. UA: HFOtJmUFN5u3hci"
"66.36.234.130","18","2025-08-19T23:36:04.425Z","DDoS Attack: Endpoint /?LvDdZ=DoMa8auKCn93opzQAuExyM7Md. UA: vVBdAZA4abxksi1"
"103.87.202.66","18","2025-08-19T23:36:04.425Z","DDoS Attack: Endpoint /?CQZnI=sA4bJeZAXPDWQZqSBLP3Gz9aR. UA: HFOtJmUFN5u3hci"
"89.248.164.155","18","2025-08-19T23:36:04.477Z","DDoS Attack: Endpoint /?CQZnI=sA4bJeZAXPDWQZqSBLP3Gz9aR. UA: HFOtJmUFN5u3hci"
"38.147.98.190","18","2025-08-19T23:36:04.510Z","DDoS Attack: Endpoint /?CQZnI=sA4bJeZAXPDWQZqSBLP3Gz9aR. UA: HFOtJmUFN5u3hci"
"2a0a:4cc0:1:12bf:d8ee:93ff:fec9:6df6","18","2025-08-19T23:36:04.548Z","DDoS Attack: Endpoint /?CQZnI=sA4bJeZAXPDWQZqSBLP3Gz9aR. UA: HFOtJmUFN5u3hci"
"179.125.61.201","18","2025-08-19T23:36:04.726Z","DDoS Attack: Endpoint /?LvDdZ=DoMa8auKCn93opzQAuExyM7Md. UA: vVBdAZA4abxksi1"
"177.70.72.132","18","2025-08-19T23:36:04.732Z","DDoS Attack: Endpoint /?CQZnI=sA4bJeZAXPDWQZqSBLP3Gz9aR. UA: HFOtJmUFN5u3hci"
"154.236.177.102","18","2025-08-19T23:36:05.168Z","DDoS Attack: Endpoint /?CQZnI=sA4bJeZAXPDWQZqSBLP3Gz9aR. UA: HFOtJmUFN5u3hci"
"103.54.80.152","18","2025-08-19T23:36:05.416Z","DDoS Attack: Endpoint /?CQZnI=sA4bJeZAXPDWQZqSBLP3Gz9aR. UA: HFOtJmUFN5u3hci"
"188.132.222.13","18","2025-08-19T23:36:05.720Z","DDoS Attack: Endpoint /?LvDdZ=DoMa8auKCn93opzQAuExyM7Md. UA: vVBdAZA4abxksi1"
"103.151.221.162","18","2025-08-19T23:36:06.125Z","DDoS Attack: Endpoint /?iJHpf=87lSXuA6ndoHtqcyrOx4TLW9x. UA: WFuD3somyOFPED1"
"36.66.130.147","18","2025-08-19T23:36:06.137Z","DDoS Attack: Endpoint /?LvDdZ=DoMa8auKCn93opzQAuExyM7Md. UA: vVBdAZA4abxksi1"
"181.188.255.180","18","2025-08-19T23:36:06.249Z","DDoS Attack: Endpoint /?LvDdZ=DoMa8auKCn93opzQAuExyM7Md. UA: vVBdAZA4abxksi1"
"103.97.140.96","18","2025-08-19T23:36:06.412Z","DDoS Attack: Endpoint /?LvDdZ=DoMa8auKCn93opzQAuExyM7Md. UA: vVBdAZA4abxksi1"
"81.12.106.158","18","2025-08-19T23:36:06.519Z","DDoS Attack: Endpoint /?iJHpf=87lSXuA6ndoHtqcyrOx4TLW9x. UA: WFuD3somyOFPED1"
"103.145.34.31","18","2025-08-19T23:36:06.647Z","DDoS Attack: Endpoint /?iJHpf=87lSXuA6ndoHtqcyrOx4TLW9x. UA: WFuD3somyOFPED1"
"223.25.110.41","18","2025-08-19T23:36:06.670Z","DDoS Attack: Endpoint /?iJHpf=87lSXuA6ndoHtqcyrOx4TLW9x. UA: WFuD3somyOFPED1"
"160.22.134.39","18","2025-08-19T23:36:06.849Z","DDoS Attack: Endpoint /?LvDdZ=DoMa8auKCn93opzQAuExyM7Md. UA: vVBdAZA4abxksi1"
"160.22.63.10","18","2025-08-19T23:36:07.521Z","DDoS Attack: Endpoint /?iJHpf=87lSXuA6ndoHtqcyrOx4TLW9x. UA: WFuD3somyOFPED1"
"102.211.211.26","18","2025-08-19T23:36:07.943Z","DDoS Attack: Endpoint /?LvDdZ=DoMa8auKCn93opzQAuExyM7Md. UA: vVBdAZA4abxksi1"
"38.253.80.25","18","2025-08-19T23:36:08.230Z","DDoS Attack: Endpoint /?CQZnI=sA4bJeZAXPDWQZqSBLP3Gz9aR. UA: HFOtJmUFN5u3hci"
"181.39.24.154","18","2025-08-19T23:36:08.459Z","DDoS Attack: Endpoint /?LvDdZ=DoMa8auKCn93opzQAuExyM7Md. UA: vVBdAZA4abxksi1"
"185.208.102.108","18","2025-08-19T23:36:08.534Z","DDoS Attack: Endpoint /?CQZnI=sA4bJeZAXPDWQZqSBLP3Gz9aR. UA: HFOtJmUFN5u3hci"
"94.68.128.18","18","2025-08-19T23:36:08.567Z","DDoS Attack: Endpoint /?LvDdZ=DoMa8auKCn93opzQAuExyM7Md. UA: vVBdAZA4abxksi1"
"101.255.24.98","18","2025-08-19T23:36:08.621Z","DDoS Attack: Endpoint /?iJHpf=87lSXuA6ndoHtqcyrOx4TLW9x. UA: WFuD3somyOFPED1"
"38.172.128.107","18","2025-08-19T23:36:08.628Z","DDoS Attack: Endpoint /?LvDdZ=DoMa8auKCn93opzQAuExyM7Md. UA: vVBdAZA4abxksi1"
"149.86.142.85","18","2025-08-19T23:36:08.964Z","DDoS Attack: Endpoint /?CQZnI=sA4bJeZAXPDWQZqSBLP3Gz9aR. UA: HFOtJmUFN5u3hci"
"49.65.124.192","18","2025-08-19T23:36:08.964Z","DDoS Attack: Endpoint /?CQZnI=sA4bJeZAXPDWQZqSBLP3Gz9aR. UA: HFOtJmUFN5u3hci"
"103.156.14.15","18","2025-08-19T23:36:09.151Z","DDoS Attack: Endpoint /?CQZnI=sA4bJeZAXPDWQZqSBLP3Gz9aR. UA: HFOtJmUFN5u3hci"
"103.216.200.214","18","2025-08-19T23:36:09.155Z","DDoS Attack: Endpoint /?iJHpf=87lSXuA6ndoHtqcyrOx4TLW9x. UA: WFuD3somyOFPED1"
"2.57.218.130","18","2025-08-19T23:36:09.223Z","DDoS Attack: Endpoint /?iJHpf=87lSXuA6ndoHtqcyrOx4TLW9x. UA: WFuD3somyOFPED1"
"103.169.133.118","18","2025-08-19T23:36:10.119Z","DDoS Attack: Endpoint /?LvDdZ=DoMa8auKCn93opzQAuExyM7Md. UA: vVBdAZA4abxksi1"
"103.76.201.126","18","2025-08-19T23:36:10.129Z","DDoS Attack: Endpoint /?iJHpf=87lSXuA6ndoHtqcyrOx4TLW9x. UA: WFuD3somyOFPED1"
"203.162.13.222","18","2025-08-19T23:36:10.186Z","DDoS Attack: Endpoint /?CQZnI=sA4bJeZAXPDWQZqSBLP3Gz9aR. UA: HFOtJmUFN5u3hci"
"14.248.84.131","18","2025-08-19T23:36:11.103Z","DDoS Attack: Endpoint /?LvDdZ=DoMa8auKCn93opzQAuExyM7Md. UA: vVBdAZA4abxksi1"
"103.127.220.62","18","2025-08-19T23:36:11.357Z","DDoS Attack: Endpoint /?LvDdZ=DoMa8auKCn93opzQAuExyM7Md. UA: vVBdAZA4abxksi1"
"113.192.31.199","18","2025-08-19T23:36:11.803Z","DDoS Attack: Endpoint /?LvDdZ=DoMa8auKCn93opzQAuExyM7Md. UA: vVBdAZA4abxksi1"
"103.105.55.180","18","2025-08-19T23:36:11.885Z","DDoS Attack: Endpoint /?LvDdZ=DoMa8auKCn93opzQAuExyM7Md. UA: vVBdAZA4abxksi1"
"103.19.78.125","18","2025-08-19T23:36:12.397Z","DDoS Attack: Endpoint /?CQZnI=sA4bJeZAXPDWQZqSBLP3Gz9aR. UA: HFOtJmUFN5u3hci"
"190.60.61.53","18","2025-08-19T23:36:12.400Z","DDoS Attack: Endpoint /?LvDdZ=DoMa8auKCn93opzQAuExyM7Md. UA: vVBdAZA4abxksi1"
"77.51.222.239","18","2025-08-19T23:36:12.772Z","DDoS Attack: Endpoint /?iJHpf=87lSXuA6ndoHtqcyrOx4TLW9x. UA: WFuD3somyOFPED1"
"189.50.213.252","18","2025-08-19T23:36:13.395Z","DDoS Attack: Endpoint /?LvDdZ=DoMa8auKCn93opzQAuExyM7Md. UA: vVBdAZA4abxksi1"
"223.25.106.206","18","2025-08-19T23:36:13.562Z","DDoS Attack: Endpoint /?LvDdZ=DoMa8auKCn93opzQAuExyM7Md. UA: vVBdAZA4abxksi1"
"45.173.12.14","18","2025-08-19T23:36:13.775Z","DDoS Attack: Endpoint /?CQZnI=sA4bJeZAXPDWQZqSBLP3Gz9aR. UA: HFOtJmUFN5u3hci"
"195.162.70.48","18","2025-08-19T23:36:14.549Z","DDoS Attack: Endpoint /?CQZnI=sA4bJeZAXPDWQZqSBLP3Gz9aR. UA: HFOtJmUFN5u3hci"
"185.54.253.40","18","2025-08-19T23:36:14.952Z","DDoS Attack: Endpoint /?LvDdZ=DoMa8auKCn93opzQAuExyM7Md. UA: vVBdAZA4abxksi1"
"103.191.169.43","18","2025-08-19T23:36:15.037Z","DDoS Attack: Endpoint /?CQZnI=sA4bJeZAXPDWQZqSBLP3Gz9aR. UA: HFOtJmUFN5u3hci"
"43.252.106.5","18","2025-08-19T23:36:15.648Z","DDoS Attack: Endpoint /?iJHpf=87lSXuA6ndoHtqcyrOx4TLW9x. UA: WFuD3somyOFPED1"
"46.161.194.69","18","2025-08-19T23:36:15.648Z","DDoS Attack: Endpoint /?iJHpf=87lSXuA6ndoHtqcyrOx4TLW9x. UA: WFuD3somyOFPED1"
"113.53.60.200","18","2025-08-19T23:36:15.740Z","DDoS Attack: Endpoint /?CQZnI=sA4bJeZAXPDWQZqSBLP3Gz9aR. UA: HFOtJmUFN5u3hci"
"161.49.90.70","18","2025-08-19T23:36:15.904Z","DDoS Attack: Endpoint /?CQZnI=sA4bJeZAXPDWQZqSBLP3Gz9aR. UA: HFOtJmUFN5u3hci"
"45.166.152.3","18","2025-08-19T23:36:16.784Z","DDoS Attack: Endpoint /?LvDdZ=DoMa8auKCn93opzQAuExyM7Md. UA: vVBdAZA4abxksi1"
"171.237.85.9","18","2025-08-19T23:36:16.954Z","DDoS Attack: Endpoint /?iJHpf=87lSXuA6ndoHtqcyrOx4TLW9x. UA: WFuD3somyOFPED1"
"210.87.91.239","18","2025-08-19T23:36:17.945Z","DDoS Attack: Endpoint /?CQZnI=sA4bJeZAXPDWQZqSBLP3Gz9aR. UA: HFOtJmUFN5u3hci"
"118.69.62.188","18","2025-08-19T23:36:17.953Z","DDoS Attack: Endpoint /?CQZnI=sA4bJeZAXPDWQZqSBLP3Gz9aR. UA: HFOtJmUFN5u3hci"
"27.49.242.4","18","2025-08-19T23:36:18.000Z","DDoS Attack: Endpoint /?CQZnI=sA4bJeZAXPDWQZqSBLP3Gz9aR. UA: HFOtJmUFN5u3hci"
"160.25.180.35","18","2025-08-19T23:36:18.005Z","DDoS Attack: Endpoint /?CQZnI=sA4bJeZAXPDWQZqSBLP3Gz9aR. UA: HFOtJmUFN5u3hci"
"103.158.121.179","18","2025-08-19T23:36:20.045Z","DDoS Attack: Endpoint /?iJHpf=87lSXuA6ndoHtqcyrOx4TLW9x. UA: WFuD3somyOFPED1"
"103.99.136.18","18","2025-08-19T23:36:20.447Z","DDoS Attack: Endpoint /?LvDdZ=DoMa8auKCn93opzQAuExyM7Md. UA: vVBdAZA4abxksi1"
"45.178.43.65","18","2025-08-19T23:36:20.454Z","DDoS Attack: Endpoint /?CQZnI=sA4bJeZAXPDWQZqSBLP3Gz9aR. UA: HFOtJmUFN5u3hci"
"194.124.36.29","18","2025-08-19T23:36:20.454Z","DDoS Attack: Endpoint /?CQZnI=sA4bJeZAXPDWQZqSBLP3Gz9aR. UA: HFOtJmUFN5u3hci"
"185.200.37.124","18","2025-08-19T23:36:20.535Z","DDoS Attack: Endpoint /?iJHpf=87lSXuA6ndoHtqcyrOx4TLW9x. UA: WFuD3somyOFPED1"
"103.171.161.96","18","2025-08-19T23:36:20.707Z","DDoS Attack: Endpoint /?LvDdZ=DoMa8auKCn93opzQAuExyM7Md. UA: vVBdAZA4abxksi1"
"38.199.30.124","18","2025-08-19T23:36:22.174Z","DDoS Attack: Endpoint /?CQZnI=sA4bJeZAXPDWQZqSBLP3Gz9aR. UA: HFOtJmUFN5u3hci"
"109.230.89.126","18","2025-08-19T23:36:22.177Z","DDoS Attack: Endpoint /?LvDdZ=DoMa8auKCn93opzQAuExyM7Md. UA: vVBdAZA4abxksi1"
"181.45.78.61","18","2025-08-19T23:36:22.818Z","DDoS Attack: Endpoint /?LvDdZ=DoMa8auKCn93opzQAuExyM7Md. UA: vVBdAZA4abxksi1"
"38.122.40.122","18","2025-08-19T23:36:24.144Z","DDoS Attack: Endpoint /?LvDdZ=DoMa8auKCn93opzQAuExyM7Md. UA: vVBdAZA4abxksi1"
"95.31.7.139","18","2025-08-19T23:36:24.163Z","DDoS Attack: Endpoint /?CQZnI=sA4bJeZAXPDWQZqSBLP3Gz9aR. UA: HFOtJmUFN5u3hci"
"103.228.242.203","18","2025-08-19T23:36:24.285Z","DDoS Attack: Endpoint /?CQZnI=sA4bJeZAXPDWQZqSBLP3Gz9aR. UA: HFOtJmUFN5u3hci"
"198.145.118.100","18","2025-08-19T23:36:25.162Z","DDoS Attack: Endpoint /?CQZnI=sA4bJeZAXPDWQZqSBLP3Gz9aR. UA: HFOtJmUFN5u3hci"
"194.62.54.253","18","2025-08-19T23:36:26.645Z","DDoS Attack: Endpoint /?iJHpf=87lSXuA6ndoHtqcyrOx4TLW9x. UA: WFuD3somyOFPED1"
"182.253.162.69","18","2025-08-19T23:36:26.706Z","DDoS Attack: Endpoint /?CQZnI=sA4bJeZAXPDWQZqSBLP3Gz9aR. UA: HFOtJmUFN5u3hci"
"103.193.144.100","18","2025-08-19T23:36:27.446Z","DDoS Attack: Endpoint /?CQZnI=sA4bJeZAXPDWQZqSBLP3Gz9aR. UA: HFOtJmUFN5u3hci"
"103.148.45.165","18","2025-08-19T23:36:27.446Z","DDoS Attack: Endpoint /?CQZnI=sA4bJeZAXPDWQZqSBLP3Gz9aR. UA: HFOtJmUFN5u3hci"
"179.1.205.12","18","2025-08-19T23:36:27.645Z","DDoS Attack: Endpoint /?iJHpf=87lSXuA6ndoHtqcyrOx4TLW9x. UA: WFuD3somyOFPED1"
"103.83.178.221","18","2025-08-19T23:36:27.657Z","DDoS Attack: Endpoint /?iJHpf=87lSXuA6ndoHtqcyrOx4TLW9x. UA: WFuD3somyOFPED1"
"175.118.246.102","18","2025-08-19T23:36:29.593Z","DDoS Attack: Endpoint /?iJHpf=87lSXuA6ndoHtqcyrOx4TLW9x. UA: WFuD3somyOFPED1"
"103.160.182.87","18","2025-08-19T23:36:29.593Z","DDoS Attack: Endpoint /?iJHpf=87lSXuA6ndoHtqcyrOx4TLW9x. UA: WFuD3somyOFPED1"
"116.102.149.119","18","2025-08-19T23:36:29.814Z","DDoS Attack: Endpoint /?CQZnI=sA4bJeZAXPDWQZqSBLP3Gz9aR. UA: HFOtJmUFN5u3hci"
"38.51.221.135","18","2025-08-19T23:36:30.412Z","DDoS Attack: Endpoint /?CQZnI=sA4bJeZAXPDWQZqSBLP3Gz9aR. UA: HFOtJmUFN5u3hci"
"175.106.15.126","18","2025-08-19T23:36:30.426Z","DDoS Attack: Endpoint /?iJHpf=87lSXuA6ndoHtqcyrOx4TLW9x. UA: WFuD3somyOFPED1"
"103.155.62.141","18","2025-08-19T23:36:30.605Z","DDoS Attack: Endpoint /?iJHpf=87lSXuA6ndoHtqcyrOx4TLW9x. UA: WFuD3somyOFPED1"
"209.62.196.68","18","2025-08-19T23:36:30.644Z","DDoS Attack: Endpoint /?iJHpf=87lSXuA6ndoHtqcyrOx4TLW9x. UA: WFuD3somyOFPED1"
"45.190.78.45","18","2025-08-19T23:36:31.480Z","DDoS Attack: Endpoint /?iJHpf=87lSXuA6ndoHtqcyrOx4TLW9x. UA: WFuD3somyOFPED1"
"200.121.48.242","18","2025-08-19T23:36:32.509Z","DDoS Attack: Endpoint /?CQZnI=sA4bJeZAXPDWQZqSBLP3Gz9aR. UA: HFOtJmUFN5u3hci"
"154.126.209.54","18","2025-08-19T23:36:32.526Z","DDoS Attack: Endpoint /?CQZnI=sA4bJeZAXPDWQZqSBLP3Gz9aR. UA: HFOtJmUFN5u3hci"
"191.243.46.29","18","2025-08-19T23:36:32.541Z","DDoS Attack: Endpoint /?iJHpf=87lSXuA6ndoHtqcyrOx4TLW9x. UA: WFuD3somyOFPED1"
"165.101.102.26","18","2025-08-19T23:36:32.583Z","DDoS Attack: Endpoint /?LvDdZ=DoMa8auKCn93opzQAuExyM7Md. UA: vVBdAZA4abxksi1"
"103.247.14.162","18","2025-08-19T23:36:33.220Z","DDoS Attack: Endpoint /?CQZnI=sA4bJeZAXPDWQZqSBLP3Gz9aR. UA: HFOtJmUFN5u3hci"
"188.132.221.189","18","2025-08-19T23:36:33.467Z","DDoS Attack: Endpoint /?iJHpf=87lSXuA6ndoHtqcyrOx4TLW9x. UA: WFuD3somyOFPED1"
"116.68.250.46","18","2025-08-19T23:36:33.916Z","DDoS Attack: Endpoint /?LvDdZ=DoMa8auKCn93opzQAuExyM7Md. UA: vVBdAZA4abxksi1"
"103.153.247.118","18","2025-08-19T23:36:34.779Z","DDoS Attack: Endpoint /?iJHpf=87lSXuA6ndoHtqcyrOx4TLW9x. UA: WFuD3somyOFPED1"
"38.45.254.5","18","2025-08-19T23:36:35.535Z","DDoS Attack: Endpoint /?iJHpf=87lSXuA6ndoHtqcyrOx4TLW9x. UA: WFuD3somyOFPED1"
"45.231.101.97","18","2025-08-19T23:36:37.386Z","DDoS Attack: Endpoint /?CQZnI=sA4bJeZAXPDWQZqSBLP3Gz9aR. UA: HFOtJmUFN5u3hci"
"175.137.254.78","18","2025-08-19T23:36:37.417Z","DDoS Attack: Endpoint /?CQZnI=sA4bJeZAXPDWQZqSBLP3Gz9aR. UA: HFOtJmUFN5u3hci"
"103.76.109.201","18","2025-08-19T23:36:37.485Z","DDoS Attack: Endpoint /?CQZnI=sA4bJeZAXPDWQZqSBLP3Gz9aR. UA: HFOtJmUFN5u3hci"
"160.25.197.25","18","2025-08-19T23:36:38.447Z","DDoS Attack: Endpoint /?LvDdZ=DoMa8auKCn93opzQAuExyM7Md. UA: vVBdAZA4abxksi1"
"119.94.43.38","18","2025-08-19T23:36:38.508Z","DDoS Attack: Endpoint /?CQZnI=sA4bJeZAXPDWQZqSBLP3Gz9aR. UA: HFOtJmUFN5u3hci"
"66.96.235.141","18","2025-08-19T23:36:38.632Z","DDoS Attack: Endpoint /?CQZnI=sA4bJeZAXPDWQZqSBLP3Gz9aR. UA: HFOtJmUFN5u3hci"
"179.67.95.11","18","2025-08-19T23:36:41.009Z","DDoS Attack: Endpoint /?LvDdZ=DoMa8auKCn93opzQAuExyM7Md. UA: vVBdAZA4abxksi1"
"110.34.1.178","18","2025-08-19T23:36:41.330Z","DDoS Attack: Endpoint /?CQZnI=sA4bJeZAXPDWQZqSBLP3Gz9aR. UA: HFOtJmUFN5u3hci"
"45.179.246.70","18","2025-08-19T23:36:41.464Z","DDoS Attack: Endpoint /?CQZnI=sA4bJeZAXPDWQZqSBLP3Gz9aR. UA: HFOtJmUFN5u3hci"
"77.242.26.131","18","2025-08-19T23:36:41.588Z","DDoS Attack: Endpoint /?CQZnI=sA4bJeZAXPDWQZqSBLP3Gz9aR. UA: HFOtJmUFN5u3hci"
"190.14.254.49","18","2025-08-19T23:36:41.702Z","DDoS Attack: Endpoint /?CQZnI=sA4bJeZAXPDWQZqSBLP3Gz9aR. UA: HFOtJmUFN5u3hci"